ID,Timestamp,Device,Model,TestID,Category,AudioDurationSec,FirstPartialMs,FinalLatencyMs,ProcessingMs,RTF,RamPeakMb,BatteryPct,BatteryTemp,CER,WER,MedTermAcc,NumericAcc,AnatomyAcc,NegationAcc,RawTranscript,NormalizedTranscript,ReferenceText,AudioPath
1790603888973,2026-09-28 20:58:08,OnePlus PKG110,ZipFormer 150M CR-CTC-RNNT (Offline),TEST_001,CT bụng,16.6,131,430,0,0.0,524,100,36.5,0.24675325,0.21052632,0.5,0.0,1.0,1.0,DÀY THÀNH KHÔNG ĐỀU HANG MÔN VỊ DẠ DÀY CHỖ DÀY NHẤT HAI MỐT MM GÂY HẸP LÒNG MÔN VỊ,DÀY THÀNH KHÔNG ĐỀU HANG MÔN VỊ DẠ DÀY CHỖ DÀY NHẤT 3 mm GÂY HẸP LÒNG MÔN VỊ,"Dày không đều thành hang - môn vị dạ dày, chỗ dày nhất 21 mm, gây hẹp lòng môn vị.",
1790603891706,2026-09-28 20:58:11,OnePlus PKG110,ZipFormer 150M CR-CTC-RNNT (Offline),TEST_001,CT bụng,16.6,131,430,0,0.0,524,100,36.5,0.24675325,0.21052632,0.5,0.0,1.0,1.0,DÀY THÀNH KHÔNG ĐỀU HANG MÔN VỊ DẠ DÀY CHỖ DÀY NHẤT HAI MỐT MM GÂY HẸP LÒNG MÔN VỊ,DÀY THÀNH KHÔNG ĐỀU HANG MÔN VỊ DẠ DÀY CHỖ DÀY NHẤT 3 mm GÂY HẸP LÒNG MÔN VỊ,"Dày không đều thành hang - môn vị dạ dày, chỗ dày nhất 21 mm, gây hẹp lòng môn vị.",
1790603918305,2026-09-28 20:58:38,OnePlus PKG110,ZipFormer 150M CR-CTC-RNNT (Offline),TEST_002,CT bụng,6.8,130,191,0,0.0,524,100,36.5,0.19277108,0.2631579,0.6666667,0.0,1.0,1.0,HẠCH LỚN NHẤT KÍCH THƯỚC HAI MỐT X TÁM MM BỜ HẠCH KHÔNG ĐỀU SAU TIÊM NGẤM THUỐC KHÔNG ĐỒNG NHẤT,HẠCH LỚN NHẤT KÍCH THƯỚC 3 × 8 mm BỜ HẠCH KHÔNG ĐỀU SAU TIÊM NGẤM THUỐC KHÔNG ĐỒNG NHẤT,"Hạch lớn nhất kích thước 21 × 8 mm, bờ không đều, sau tiêm ngấm thuốc không đồng nhất.",
1790603934209,2026-09-28 20:58:54,OnePlus PKG110,ZipFormer 150M CR-CTC-RNNT (Offline),TEST_003,CT bụng,5.2,129,167,0,0.0,524,100,36.5,0.13559322,0.2,0.33333334,0.0,1.0,1.0,GAN KHÔNG TO VỪA ĐỀU NHƯ MÔ GAN TRÁI CÓ NANG ĐƯỜNG KÍNH CHÍN MM,GAN KHÔNG TO VỪA ĐỀU NHƯ MÔ GAN TRÁI CÓ NANG ĐƯỜNG KÍNH 9 mm,"Gan không to, bờ đều, nhu mô gan trái có nang đường kính 9 mm.",
1790603947201,2026-09-28 20:59:07,OnePlus PKG110,ZipFormer 150M CR-CTC-RNNT (Offline),TEST_004,CT bụng,3.2,125,135,0,0.0,527,100,36.5,0.08064516,0.16666667,0.5,1.0,0.0,1.0,TÍCH MỚI CỬA KHÔNG GIÃN KHÔNG THẤY HUYẾT KHỐI TRONG LÒNG MẠCH,TÍCH MỚI CỬA KHÔNG GIÃN KHÔNG THẤY HUYẾT KHỐI TRONG LÒNG MẠCH,"Tĩnh mạch cửa không giãn, không thấy huyết khối trong lòng mạch.",
1790603972518,2026-09-28 20:59:32,OnePlus PKG110,ZipFormer 150M CR-CTC-RNNT (Offline),TEST_008,CT bụng,5.5,137,174,0,0.0,527,100,36.5,0.15294118,0.3125,0.0,1.0,0.0,1.0,TUỴ KÍCH THƯỚC TRONG HẠN BÌNH THƯỜNG NGẦM THUỐC ĐỒNG NHÂN ỐNG CLITSUNG KHÔNG GIÃN,TUỴ KÍCH THƯỚC TRONG HẠN BÌNH THƯỜNG NGẦM THUỐC ĐỒNG NHÂN ỐNG CLITSUNG KHÔNG GIÃN,"Tụy kích thước trong giới hạn bình thường, ngấm thuốc đồng nhất, ống Wirsung không giãn.",
1790603998863,2026-09-28 20:59:58,OnePlus PKG110,ZipFormer 150M CR-CTC-RNNT (Offline),TEST_012,CT ngực,6.6,131,187,0,0.0,534,100,36.5,0.072289154,0.15789473,0.5,0.0,0.5,1.0,NÚT KÍNH MỜ THUỶ DƯỚI PHỔI TRÁI KÍCH THƯỚC TÁM MM KHÔNG THẤY CO KÉO MÀNG PHỔI LÂN CẬN,NÚT KÍNH MỜ THUỶ DƯỚI PHỔI TRÁI KÍCH THƯỚC 8 mm KHÔNG THẤY CO KÉO MÀNG PHỔI LÂN CẬN,"Nốt kính mờ thùy dưới phổi trái kích thước 8 mm, không thấy co kéo màng phổi lân cận.",
1790604175928,2026-09-28 21:02:55,OnePlus PKG110,ZipFormer 150M CR-CTC-RNNT (Offline),TEST_016,CT ngực,5.3,132,163,0,0.0,541,100,36.5,0.093333334,0.125,1.0,0.0,1.0,0.0,TRUNG THẤT KHÔNG ĐÁY HẠCH LỚN KÍCH THƯỚC HẠCH NHỎ HƠN MƯỜI MM TRÊN TRỤC NGẮN,TRUNG THẤT KHÔNG ĐÁY HẠCH LỚN KÍCH THƯỚC HẠCH NHỎ HƠN 10 mm TRÊN TRỤC NGẮN,"Trung thất không thấy hạch lớn, kích thước hạch nhỏ hơn 10 mm trên trục ngắn.",
1790604197289,2026-09-28 21:03:17,OnePlus PKG110,ZipFormer 150M CR-CTC-RNNT (Offline),TEST_022,MRI,6.3,126,194,0,0.0,541,100,36.5,0.115384616,0.21052632,0.75,0.0,1.0,1.0,THOÁI HOÁ ĐĨA ĐỆM L BỐN NĂM KÈM PHÌNH ĐĨA ĐỆM TẦNG NHẸ GÂY HẸP LỖ LIÊN HỢP HAI BÊN,THOÁI HOÁ ĐĨA ĐỆM L BỐN NĂM KÈM PHÌNH ĐĨA ĐỆM TẦNG NHẸ GÂY HẸP LỖ LIÊN HỢP HAI BÊN,Thoái hóa đĩa đệm L4 L5 kèm phình đĩa đệm tầng nhẹ gây hẹp lỗ liên hợp hai bên.,
1790605290645,2026-09-28 21:21:30,OnePlus PKG110,ZipFormer 150M CR-CTC-RNNT (Offline),,,0.6,132,105,0,0.0,526,100,36.1,,,,,,,ĐÂY,ĐÂY,,
1790605692960,2026-09-28 21:28:12,OnePlus PKG110,ZipFormer 150M CR-CTC-RNNT (Offline),TEST_001,CT bụng,19.2,0,464,0,0.0,538,100,36.1,0.051948052,0.05263158,1.0,1.0,1.0,1.0,DÀY KHÔNG ĐỀU THÀNH HANG MÔN VỊ DẠ DÀY TRỘN DÀY NHẤT HAI MỐT MM GÂY HẸP LÒNG MÔN VỊ,DÀY KHÔNG ĐỀU THÀNH HANG MÔN VỊ DẠ DÀY TRỘN DÀY NHẤT 21 MM GÂY HẸP LÒNG MÔN VỊ,"Dày không đều thành hang - môn vị dạ dày, chỗ dày nhất 21 mm, gây hẹp lòng môn vị.",
1790606246505,2026-09-28 21:37:26,OnePlus PKG110,ZipFormer 150M CR-CTC-RNNT (Offline),TEST_001,CT bụng,22.28,0,573,0,0.0,567,99,35.8,0.25974026,0.21052632,0.5,1.0,1.0,1.0,DÀY THÀNH KHÔNG ĐỀU HANG MÔN VỊ DẠ DÀY NHẤT HAI MỐT MM GÂY HẸP LÒNG MÔN VỊ.,DÀY THÀNH KHÔNG ĐỀU HANG MÔN VỊ DẠ DÀY NHẤT 21 MM GÂY HẸP LÒNG MÔN VỊ.,"Dày không đều thành hang - môn vị dạ dày, chỗ dày nhất 21 mm, gây hẹp lòng môn vị.",
1790606262001,2026-09-28 21:37:42,OnePlus PKG110,ZipFormer 150M CR-CTC-RNNT (Offline),TEST_001,CT bụng,7.78,0,246,0,0.0,567,99,35.8,0.6883117,0.68421054,0.0,0.0,0.6666667,1.0,DÀY THÀNH KHÔNG ĐỀU HAI MÔN VỊ DẠ DÀY.,DÀY THÀNH KHÔNG ĐỀU HAI MÔN VỊ DẠ DÀY.,"Dày không đều thành hang - môn vị dạ dày, chỗ dày nhất 21 mm, gây hẹp lòng môn vị.",
1790606534528,2026-09-28 21:42:14,OnePlus PKG110,ZipFormer 150M CR-CTC-RNNT (Offline),TEST_001,CT bụng,11.42,3853,120,0,0.0,522,99,35.8,0.077922076,0.10526316,1.0,1.0,0.6666667,1.0,DÀY KHÔNG ĐỀU THÀNH HAI MÔN VỊ DẠ DÀY. CHỖ DÀY NHẤT HAI MỐT MM GÂY HẸP LÒNG MÔN VỊ. TÔI.,DÀY KHÔNG ĐỀU THÀNH HAI MÔN VỊ DẠ DÀY. CHỖ DÀY NHẤT 21 MM GÂY HẸP LÒNG MÔN VỊ. TÔI.,"Dày không đều thành hang - môn vị dạ dày, chỗ dày nhất 21 mm, gây hẹp lòng môn vị.",
1790606565987,2026-09-28 21:42:45,OnePlus PKG110,ZipFormer 150M CR-CTC-RNNT (Offline),TEST_002,CT bụng,11.2,4053,109,0,0.0,522,99,35.8,0.27710843,0.47368422,0.33333334,0.0,1.0,0.5,HẠCH LỚN NHẤT CÁI CHIẾC HAI MỐT X TÁM. KHÔNG ĐỀU SAU TIÊM NGẤM THUỐC KHÔNG ĐỀU BIẾT. EM.,HẠCH LỚN NHẤT CÁI CHIẾC 21 X TÁM. KHÔNG ĐỀU SAU TIÊM NGẤM THUỐC KHÔNG ĐỀU BIẾT. EM.,"Hạch lớn nhất kích thước 21 × 8 mm, bờ không đều, sau tiêm ngấm thuốc không đồng nhất.",
1790606581513,2026-09-28 21:43:01,OnePlus PKG110,ZipFormer 150M CR-CTC-RNNT (Offline),TEST_003,CT bụng,10.52,6396,116,0,0.0,522,99,35.8,0.22033899,0.26666668,0.6666667,0.0,1.0,1.0,GAN KHÔNG TO MÀ ĐỀU NHU MÔ GAN TRÁI CÓ NANG ĐƯỜNG KÍNH CHÍN. ĐÓ. THÔI.,GAN KHÔNG TO MÀ ĐỀU NHU MÔ GAN TRÁI CÓ NANG ĐƯỜNG KÍNH CHÍN. ĐÓ. THÔI.,"Gan không to, bờ đều, nhu mô gan trái có nang đường kính 9 mm.",
1790606599334,2026-09-28 21:43:19,OnePlus PKG110,ZipFormer 150M CR-CTC-RNNT (Offline),TEST_004,CT bụng,6.74,4044,121,0,0.0,522,99,35.8,0.08064516,0.16666667,1.0,1.0,1.0,0.5,TĨNH MẠCH CỬA KHÔNG GIAN KHÔNG THẤY HUYẾT KHỐI TRONG LÒNG MẠCH. TÔI.,TĨNH MẠCH CỬA KHÔNG GIAN KHÔNG THẤY HUYẾT KHỐI TRONG LÒNG MẠCH. TÔI.,"Tĩnh mạch cửa không giãn, không thấy huyết khối trong lòng mạch.",
1790607068013,2026-09-28 21:51:08,OnePlus PKG110,ZipFormer 150M CR-CTC-RNNT (Offline),TEST_011,CT ngực,10.96,6647,175,0,0.0,522,99,35.8,0.14925373,0.1875,1.0,1.0,0.5,1.0,NỐT ĐẶC THUỲ TRÊN PHỔI PHẢI KÍCH THƯỚC SÁU MM VÀ ĐỀU KHÔNG CÓ TUA GAI. BÂY GIỜ.,NỐT ĐẶC THUỲ TRÊN PHỔI PHẢI KÍCH THƯỚC 6 MM bờ đều KHÔNG CÓ TUA GAI. BÂY GIỜ.,"Nốt đặc thùy trên phổi phải, kích thước 6 mm, bờ đều, không có tua gai.",
1790607082803,2026-09-28 21:51:22,OnePlus PKG110,ZipFormer 150M CR-CTC-RNNT (Offline),TEST_038,Số đo,11.24,4585,193,0,0.0,522,99,35.8,0.10606061,0.22222222,1.0,0.0,1.0,1.0,KHỐI U KÍCH THƯỚC BA CHIỀU BỐN NĂM X BA HAI X HAI TÁM MM. THỂ TÍCH ƯỚC TÍNH HAI MỐT M LÍT.,KHỐI U KÍCH THƯỚC BA CHIỀU 45 × 32 mm X 28 MM. THỂ TÍCH ƯỚC TÍNH 21 M LÍT.,"Khối u kích thước ba chiều 45 × 32 × 28 mm, thể tích ước tính 21 ml.",
1790607101362,2026-09-28 21:51:41,OnePlus PKG110,ZipFormer 150M CR-CTC-RNNT (Offline),TEST_016,CT ngực,11.1,2440,115,0,0.0,522,99,35.8,0.10666667,0.125,1.0,1.0,1.0,1.0,TRUNG THẤT KHÔNG THẤY HẠCH LỚN. KÍCH THƯỚC HẠCH NHỎ HƠN MƯỜI MM TRÊN TRỤC NGẮN. ĐÂY. NÀY.,TRUNG THẤT KHÔNG THẤY HẠCH LỚN. KÍCH THƯỚC HẠCH NHỎ HƠN 10 MM TRÊN TRỤC NGẮN. ĐÂY. NÀY.,"Trung thất không thấy hạch lớn, kích thước hạch nhỏ hơn 10 mm trên trục ngắn.",
1790607113426,2026-09-28 21:51:53,OnePlus PKG110,ZipFormer 150M CR-CTC-RNNT (Offline),TEST_049,Thuốc cản quang,8.74,5781,147,0,0.0,522,99,35.8,0.011235955,0.05263158,0.6666667,1.0,1.0,1.0,NHU MÔ THẬN NGÂM THUỐC BÌNH THƯỜNG THỜI GIAN BÀI TIẾT THUỐC QUA ĐÀI THẬN HAI BÊN ĐỐI XỨNG. TÔI.,NHU MÔ THẬN NGÂM THUỐC BÌNH THƯỜNG THỜI GIAN BÀI TIẾT THUỐC QUA ĐÀI THẬN HAI BÊN ĐỐI XỨNG.,"Nhu mô thận ngấm thuốc bình thường, thời gian bài tiết thuốc qua đài thận hai bên đối xứng.",
1790607125398,2026-09-28 21:52:05,OnePlus PKG110,ZipFormer 150M CR-CTC-RNNT (Offline),TEST_025,MRI,9.02,0,269,0,0.0,522,98,36.0,0.06849315,0.1764706,1.0,0.0,1.0,1.0,KHỐI U NGẤM THUỐC MẠNH SAU TIÊM ĐỐI QUANG TỪ GIỚI HẠN RÕ ĐƯỜNG KÍNH MƯỜI TÁM MM.,KHỐI U NGẤM THUỐC MẠNH SAU TIÊM ĐỐI QUANG TỪ GIỚI HẠN RÕ đường kính 10 mm 8 MM.,"Khối u ngấm thuốc mạnh sau tiêm đối quang từ, giới hạn rõ, đường kính 18 mm.",
